{
	"IcoMoonType": "selection",
	"icons": [
		{
			"icon": {
				"paths": [
					"M704 64l-320 320h-192l-192 256c0 0 203.416-56.652 322.066-30.084l-322.066 414.084 421.902-328.144c58.838 134.654-37.902 328.144-37.902 328.144l256-192v-192l320-320 64-320-320 64z"
				],
				"attrs": [],
				"tags": [
					"rocket",
					"speed",
					"jet",
					"spaceship",
					"fast"
				],
				"grid": 16
			},
			"attrs": [],
			"properties": {
				"id": 159,
				"order": 12,
				"prevSize": 32,
				"code": 58890,
				"name": "rocket"
			},
			"setIdx": 0,
			"iconIdx": 159
		},
		{
			"icon": {
				"paths": [
					"M800 128h-576c-53.020 0-96 42.98-96 96v32h768v-32c0-53.020-42.98-96-96-96zM632.32 64l14.116 101h-268.872l14.114-101h240.642M640 0h-256c-26.4 0-50.99 21.392-54.642 47.538l-18.714 133.924c-3.654 26.146 14.956 47.538 41.356 47.538h320c26.4 0 45.010-21.392 41.358-47.538l-18.714-133.924c-3.654-26.146-28.244-47.538-54.644-47.538v0zM816 320h-608c-35.2 0-61.392 28.682-58.206 63.738l52.412 576.526c3.186 35.054 34.594 63.736 69.794 63.736h480c35.2 0 66.608-28.682 69.794-63.736l52.41-576.526c3.188-35.056-23.004-63.738-58.204-63.738zM384 896h-96l-32-448h128v448zM576 896h-128v-448h128v448zM736 896h-96v-448h128l-32 448z"
				],
				"attrs": [],
				"tags": [
					"remove",
					"delete",
					"trashcan",
					"recycle bin",
					"bin",
					"dispose"
				],
				"grid": 16
			},
			"attrs": [],
			"properties": {
				"id": 168,
				"order": 13,
				"prevSize": 32,
				"code": 58891,
				"name": "remove"
			},
			"setIdx": 0,
			"iconIdx": 168
		},
		{
			"icon": {
				"paths": [
					"M864 128l-480 480-224-224-160 160 384 384 640-640z"
				],
				"attrs": [],
				"tags": [
					"checkmark",
					"tick",
					"correct",
					"accept",
					"ok"
				],
				"grid": 16
			},
			"attrs": [],
			"properties": {
				"id": 254,
				"order": 19,
				"prevSize": 32,
				"code": 58892,
				"name": "checkmark"
			},
			"setIdx": 0,
			"iconIdx": 254
		},
		{
			"icon": {
				"paths": [
					"M397.434 917.696l-397.868-391.6 197.378-194.27 200.49 197.332 429.62-422.852 197.378 194.27-626.998 617.12zM107.912 526.096l289.524 284.962 518.656-510.482-89.036-87.632-429.62 422.852-200.49-197.334-89.034 87.634z"
				],
				"attrs": [],
				"tags": [
					"checkmark",
					"tick",
					"correct",
					"accept",
					"ok"
				],
				"grid": 16
			},
			"attrs": [],
			"properties": {
				"id": 255,
				"order": 20,
				"prevSize": 32,
				"code": 58893,
				"name": "checkmark2"
			},
			"setIdx": 0,
			"iconIdx": 255
		},
		{
			"icon": {
				"paths": [
					"M992 384h-352v-352c0-17.672-14.328-32-32-32h-192c-17.672 0-32 14.328-32 32v352h-352c-17.672 0-32 14.328-32 32v192c0 17.672 14.328 32 32 32h352v352c0 17.672 14.328 32 32 32h192c17.672 0 32-14.328 32-32v-352h352c17.672 0 32-14.328 32-32v-192c0-17.672-14.328-32-32-32z"
				],
				"attrs": [],
				"tags": [
					"plus",
					"add",
					"sum"
				],
				"grid": 16
			},
			"attrs": [],
			"properties": {
				"id": 258,
				"order": 14,
				"prevSize": 32,
				"code": 58894,
				"name": "plus"
			},
			"setIdx": 0,
			"iconIdx": 258
		},
		{
			"icon": {
				"paths": [
					"M128 128h320v768h-320zM576 128h320v768h-320z"
				],
				"attrs": [],
				"tags": [
					"pause",
					"media control",
					"audio"
				],
				"grid": 16
			},
			"attrs": [],
			"properties": {
				"id": 267,
				"order": 22,
				"prevSize": 32,
				"code": 58895,
				"name": "pause"
			},
			"setIdx": 0,
			"iconIdx": 267
		},
		{
			"icon": {
				"paths": [
					"M0 0v1024h1024v-1024h-1024zM960 960h-896v-896h896v896zM768 224l-320 320-192-192-128 128 320 320 448-448-128-128z"
				],
				"attrs": [],
				"tags": [
					"checkbox-checked",
					"tick",
					"checked",
					"selected"
				],
				"grid": 16
			},
			"attrs": [],
			"properties": {
				"id": 312,
				"order": 18,
				"prevSize": 32,
				"code": 58896,
				"name": "checkbox-checked"
			},
			"setIdx": 0,
			"iconIdx": 312
		},
		{
			"icon": {
				"paths": [
					"M0 0v1024h1024v-1024h-1024zM960 960h-896v-896h896v896z"
				],
				"attrs": [],
				"tags": [
					"checkbox-unchecked",
					"unchecked",
					"square"
				],
				"grid": 16
			},
			"attrs": [],
			"properties": {
				"id": 313,
				"order": 17,
				"prevSize": 32,
				"code": 58897,
				"name": "checkbox-unchecked"
			},
			"setIdx": 0,
			"iconIdx": 313
		},
		{
			"icon": {
				"paths": [
					"M512 0c-282.77 0-512 229.23-512 512s229.23 512 512 512 512-229.23 512-512-229.23-512-512-512zM512 928c-229.75 0-416-186.25-416-416s186.25-416 416-416 416 186.25 416 416-186.25 416-416 416zM608 416l-288-160h-64v64l160 288 288 160h64v-64l-160-288zM512 576c-35.346 0-64-28.654-64-64s28.654-64 64-64c35.346 0 64 28.654 64 64 0 35.346-28.654 64-64 64z"
				],
				"attrs": [],
				"tags": [
					"compass",
					"direction",
					"map",
					"locate"
				],
				"grid": 16
			},
			"attrs": [],
			"properties": {
				"id": 68,
				"order": 1,
				"prevSize": 32,
				"code": 58880,
				"name": "compass"
			},
			"setIdx": 1,
			"iconIdx": 0
		},
		{
			"icon": {
				"paths": [
					"M0 192l320-128v768l-320 128zM704 192v768l-320-106.666v-768zM1024 64v768l-256 102.4v-768z"
				],
				"attrs": [],
				"tags": [
					"map",
					"location",
					"guide"
				],
				"grid": 16
			},
			"attrs": [],
			"properties": {
				"id": 69,
				"order": 2,
				"prevSize": 32,
				"code": 58881,
				"name": "map"
			},
			"setIdx": 1,
			"iconIdx": 1
		},
		{
			"icon": {
				"paths": [
					"M672 192l-320-128-352 128v768l352-128 320 128 352-128v-768l-352 128zM384 145.73l256 102.4v630.138l-256-102.398v-630.14zM64 236.828l256-93.090v631.8l-256 93.088v-631.798zM960 787.172l-256 93.092v-631.8l256-93.090v631.798z"
				],
				"attrs": [],
				"tags": [
					"map",
					"location",
					"guide"
				],
				"grid": 16
			},
			"attrs": [],
			"properties": {
				"id": 70,
				"order": 3,
				"prevSize": 32,
				"code": 58882,
				"name": "map2"
			},
			"setIdx": 1,
			"iconIdx": 2
		},
		{
			"icon": {
				"paths": [
					"M320 384h128v128h-128zM512 384h128v128h-128zM704 384h128v128h-128zM128 768h128v128h-128zM320 768h128v128h-128zM512 768h128v128h-128zM320 576h128v128h-128zM512 576h128v128h-128zM704 576h128v128h-128zM128 576h128v128h-128zM832 0v64h-128v-64h-448v64h-128v-64h-128v1024h960v-1024h-128zM896 960h-832v-704h832v704z"
				],
				"attrs": [],
				"tags": [
					"calendar",
					"schedule",
					"date",
					"time",
					"day"
				],
				"grid": 16
			},
			"attrs": [],
			"properties": {
				"id": 78,
				"order": 5,
				"prevSize": 32,
				"code": 58883,
				"name": "calendar"
			},
			"setIdx": 1,
			"iconIdx": 3
		},
		{
			"icon": {
				"paths": [
					"M896 128h-96v32c0 35.29-28.71 64-64 64s-64-28.71-64-64v-32h-320v32c0 35.29-28.71 64-64 64s-64-28.71-64-64v-32h-96c-35.2 0-64 28.8-64 64v704c0 35.2 28.8 64 64 64h768c35.2 0 64-28.8 64-64v-704c0-35.2-28.8-64-64-64zM896 895.884c-0.034 0.040-0.076 0.082-0.116 0.116h-767.77c-0.040-0.034-0.082-0.076-0.114-0.116v-575.884h768v575.884zM288 192c17.672 0 32-14.328 32-32v-128c0-17.672-14.328-32-32-32s-32 14.328-32 32v128c0 17.672 14.328 32 32 32zM736 192c17.672 0 32-14.328 32-32v-128c0-17.672-14.328-32-32-32s-32 14.328-32 32v128c0 17.672 14.328 32 32 32zM576 384h-320v64h256v128h-256v64h256v128h-256v64h320zM704 832h64v-448h-128v64h64zM872 984h-720c-35.2 0-64-20.8-64-56v32c0 35.2 28.8 64 64 64h720c35.2 0 64-28.8 64-64v-32c0 35.2-28.8 56-64 56z"
				],
				"attrs": [],
				"tags": [
					"calendar",
					"schedule",
					"date",
					"time",
					"day"
				],
				"grid": 16
			},
			"attrs": [],
			"properties": {
				"id": 79,
				"order": 4,
				"prevSize": 32,
				"code": 58884,
				"name": "calendar2"
			},
			"setIdx": 1,
			"iconIdx": 4
		},
		{
			"icon": {
				"paths": [
					"M128 896h896v128h-1024v-1024h128zM288 832c-53.020 0-96-42.98-96-96s42.98-96 96-96c2.828 0 5.622 0.148 8.388 0.386l103.192-171.986c-9.84-15.070-15.58-33.062-15.58-52.402 0-53.020 42.98-96 96-96 53.020 0 96 42.98 96 96 0 19.342-5.74 37.332-15.58 52.402l103.192 171.986c2.766-0.238 5.56-0.386 8.388-0.386 2.136 0 4.248 0.094 6.35 0.23l170.356-298.122c-10.536-15.408-16.706-34.036-16.706-54.11 0-53.020 42.98-96 96-96 53.020 0 96 42.98 96 96 0 53.020-42.98 96-96 96-2.14 0-4.248-0.094-6.35-0.232l-170.356 298.124c10.536 15.406 16.706 34.036 16.706 54.11 0 53.020-42.98 96-96 96-53.020 0-96-42.98-96-96 0-19.34 5.74-37.332 15.578-52.402l-103.19-171.984c-2.766 0.238-5.56 0.386-8.388 0.386s-5.622-0.146-8.388-0.386l-103.192 171.986c9.84 15.068 15.58 33.060 15.58 52.4 0 53.020-42.98 96-96 96z"
				],
				"attrs": [],
				"tags": [
					"stats",
					"graph",
					"plot",
					"statistics",
					"chart"
				],
				"grid": 16
			},
			"attrs": [],
			"properties": {
				"id": 150,
				"order": 6,
				"prevSize": 32,
				"code": 58885,
				"name": "stats"
			},
			"setIdx": 1,
			"iconIdx": 5
		},
		{
			"icon": {
				"paths": [
					"M859.502 26.542l-4.594-26.542h-246.908l6.602 37.542c22.346 127.1 74.322 436.536 74.322 564.458 0 98.15-79.368 178-176.924 178-97.556 0-176.922-79.85-176.922-178 0-127.926 51.976-437.36 74.324-564.458l6.598-37.542h-246.908l-4.594 26.542c-27.076 156.422-72.498 439.186-72.498 575.458 0 232.692 188.412 422 420 422 231.588 0 420-189.308 420-422 0-136.266-45.422-419.032-72.498-575.458zM512 960c-196.298 0-356-160.598-356-358 0-80.772 16.92-217.076 36.166-346h116.346c-19.994 131.234-37.434 268.056-37.434 346 0 133.44 108.078 242 240.922 242 132.846 0 240.924-108.56 240.924-242 0-77.942-17.442-214.764-37.436-346h116.346c19.246 128.926 36.166 265.232 36.166 346 0 197.402-159.702 358-356 358z"
				],
				"attrs": [],
				"tags": [
					"magnet",
					"attract"
				],
				"grid": 16
			},
			"attrs": [],
			"properties": {
				"id": 166,
				"order": 7,
				"prevSize": 32,
				"code": 58886,
				"name": "magnet"
			},
			"setIdx": 1,
			"iconIdx": 6
		},
		{
			"icon": {
				"paths": [
					"M1024 448h-100.924c-27.64-178.24-168.836-319.436-347.076-347.076v-100.924h-128v100.924c-178.24 27.64-319.436 168.836-347.076 347.076h-100.924v128h100.924c27.64 178.24 168.836 319.436 347.076 347.076v100.924h128v-100.924c178.24-27.64 319.436-168.836 347.076-347.076h100.924v-128zM792.822 448h-99.762c-19.284-54.55-62.51-97.778-117.060-117.060v-99.762c107.514 24.49 192.332 109.31 216.822 216.822zM512 576c-35.346 0-64-28.654-64-64s28.654-64 64-64c35.346 0 64 28.654 64 64 0 35.346-28.654 64-64 64zM448 231.178v99.762c-54.55 19.282-97.778 62.51-117.060 117.060h-99.762c24.49-107.512 109.31-192.332 216.822-216.822zM231.178 576h99.762c19.282 54.55 62.51 97.778 117.060 117.060v99.762c-107.512-24.49-192.332-109.308-216.822-216.822zM576 792.822v-99.762c54.55-19.284 97.778-62.51 117.060-117.060h99.762c-24.49 107.514-109.308 192.332-216.822 216.822z"
				],
				"attrs": [],
				"tags": [
					"target",
					"goal",
					"location",
					"spot"
				],
				"grid": 16
			},
			"attrs": [],
			"properties": {
				"id": 174,
				"order": 9,
				"prevSize": 32,
				"code": 58888,
				"name": "target"
			},
			"setIdx": 1,
			"iconIdx": 7
		},
		{
			"icon": {
				"paths": [
					"M0 0v1024h1024v-1024h-1024zM960 960h-896v-896h896v896zM256 256h512v512h-512z"
				],
				"attrs": [],
				"tags": [
					"checkbox-partial",
					"partial"
				],
				"grid": 16
			},
			"attrs": [],
			"properties": {
				"id": 314,
				"order": 10,
				"prevSize": 32,
				"code": 58889,
				"name": "checkbox-partial"
			},
			"setIdx": 1,
			"iconIdx": 8
		},
		{
			"icon": {
				"paths": [
					"M512 831.892c-19.154 0-38.308-9.916-58.142-29.75-7.81-7.81-7.81-20.474 0-28.286 7.81-7.808 20.474-7.808 28.286 0 12.206 12.21 21.972 18.144 29.856 18.144 7.882 0 17.65-5.934 29.858-18.142 7.812-7.808 20.472-7.808 28.286 0 7.81 7.81 7.81 20.474 0 28.286-19.836 19.832-38.99 29.748-58.144 29.748zM0 525.492c0 49.892 4.266 95.122 12.8 135.682 8.534 40.56 20.534 75.74 36 105.532 15.466 29.792 35.022 55.904 58.666 78.34 23.644 22.436 49.332 40.92 77.066 55.458 27.734 14.536 59.466 26.296 95.2 35.266 35.732 8.974 72.088 15.256 109.066 18.846 36.978 3.59 77.69 5.384 122.134 5.384 44.444 0 85.242-1.79 122.398-5.38 37.156-3.59 73.602-9.872 109.332-18.846 35.734-8.974 67.558-20.73 95.468-35.266 27.91-14.538 53.778-33.026 77.598-55.458 23.824-22.436 43.47-48.548 58.934-78.34 15.47-29.794 27.56-64.974 36.27-105.532 8.71-40.56 13.066-85.788 13.066-135.68 0-89.38-27.736-166.372-83.2-230.982 3.2-8.616 5.954-18.486 8.266-29.614 2.308-11.128 4.532-26.832 6.664-47.112 2.138-20.282 1.336-43.704-2.398-70.264-3.734-26.564-10.754-53.664-21.066-81.302l-8-1.618c-5.332-1.076-14.042-0.718-26.132 1.080-12.086 1.794-26.222 5.022-42.398 9.69-16.176 4.664-37.066 13.908-62.668 27.728-25.598 13.818-52.62 31.318-81.066 52.496-48.356-14.718-115.020-30.116-200-30.116-84.976 0-151.822 15.396-200.53 30.114-28.446-21.18-55.556-38.588-81.334-52.228-25.78-13.642-46.402-22.974-61.868-27.998-15.468-5.024-29.778-8.256-42.934-9.69-13.156-1.436-21.602-1.886-25.334-1.346-3.732 0.538-6.488 1.166-8.266 1.884-10.314 27.64-17.424 54.74-21.336 81.304-3.91 26.56-4.8 49.892-2.666 69.992 2.134 20.102 4.444 35.898 6.934 47.382 2.49 11.486 5.334 21.358 8.534 29.614-55.466 64.25-83.2 141.242-83.2 230.98zM136.536 639.404c0-58.022 21.332-110.638 64-157.856 12.8-14.406 27.646-25.312 44.534-32.712 16.89-7.402 36.088-11.606 57.6-12.606 21.512-1 42.044-0.8 61.6 0.6 19.556 1.402 43.734 3.302 72.534 5.702 28.798 2.404 53.688 3.602 74.666 3.602 20.976 0 45.868-1.2 74.664-3.602 28.806-2.4 52.982-4.3 72.536-5.702 19.56-1.4 40.090-1.6 61.602-0.6 21.512 1.002 40.802 5.204 57.868 12.606 17.066 7.4 32 18.306 44.8 32.712 42.664 47.218 64 99.834 64 157.856 0 34.012-3.554 64.324-10.668 90.934-7.11 26.612-16.090 48.916-26.934 66.922-10.844 18.008-26.048 33.218-45.598 45.62-19.558 12.406-38.492 22.010-56.8 28.81-18.312 6.8-41.958 12.104-70.934 15.906-28.982 3.796-54.934 6.102-77.872 6.9-22.934 0.8-51.82 1.2-86.664 1.2-34.844 0-63.644-0.402-86.4-1.2-22.756-0.798-48.622-3.104-77.6-6.9-28.978-3.802-52.622-9.104-70.934-15.906-18.31-6.802-37.244-16.404-56.8-28.81-19.556-12.404-34.756-27.612-45.6-45.62-10.846-18.006-19.824-40.31-26.934-66.922-7.11-26.61-10.666-56.922-10.666-90.934zM256 608.004c0-53.019 28.654-96 64-96s64 42.981 64 96c0 53.019-28.654 96-64 96-35.346 0-64-42.981-64-96zM640 608.004c0-53.019 28.654-96 64-96s64 42.981 64 96c0 53.019-28.654 96-64 96-35.346 0-64-42.981-64-96z"
				],
				"attrs": [],
				"tags": [
					"github",
					"octacat",
					"social"
				],
				"grid": 16
			},
			"attrs": [],
			"properties": {
				"id": 393,
				"order": 11,
				"prevSize": 32,
				"code": 58887,
				"name": "github"
			},
			"setIdx": 1,
			"iconIdx": 9
		}
	],
	"height": 1024,
	"metadata": {
		"name": "icomoon"
	},
	"preferences": {
		"showGlyphs": true,
		"showQuickUse": true,
		"showQuickUse2": true,
		"showSVGs": true,
		"fontPref": {
			"prefix": "icon-",
			"metadata": {
				"fontFamily": "icomoon"
			},
			"metrics": {
				"emSize": 1024,
				"baseline": 6.25,
				"whitespace": 50
			}
		},
		"imagePref": {
			"prefix": "icon-",
			"png": true,
			"useClassSelector": true
		},
		"historySize": 100,
		"showCodes": true,
		"search": "",
		"gridSize": 16
	}
}